[{"Pressed": "'h'"}, {"Held": "'h'"}, {"Released": "'h'"}, {"Pressed": "'e'"}, {"Held": "'e'"}, {"Released": "'e'"}, {"Pressed": "'l'"}, {"Held": "'l'"}, {"Released": "'l'"}, {"Pressed": "'l'"}, {"Held": "'l'"}, {"Released": "'l'"}, {"Pressed": "'o'"}, {"Held": "'o'"}, {"Released": "'o'"}, {"Pressed": "Key.enter"}, {"Held": "Key.enter"}, {"Released": "Key.enter"}, {"Pressed": "Key.backspace"}, {"Held": "Key.backspace"}, {"Released": "Key.backspace"}, {"Pressed": "Key.enter"}, {"Held": "Key.enter"}, {"Released": "Key.enter"}, {"Pressed": "Key.backspace"}, {"Held": "Key.backspace"}, {"Released": "Key.backspace"}, {"Pressed": "Key.backspace"}, {"Held": "Key.backspace"}, {"Released": "Key.backspace"}, {"Pressed": "Key.backspace"}, {"Held": "Key.backspace"}, {"Released": "Key.backspace"}, {"Pressed": "Key.backspace"}, {"Held": "Key.backspace"}, {"Released": "Key.backspace"}, {"Pressed": "Key.backspace"}, {"Held": "Key.backspace"}, {"Released": "Key.backspace"}, {"Pressed": "Key.backspace"}, {"Held": "Key.backspace"}, {"Released": "Key.backspace"}, {"Pressed": "'g'"}, {"Held": "'g'"}, {"Released": "'g'"}, {"Pressed": "'a'"}, {"Held": "'a'"}, {"Released": "'a'"}, {"Pressed": "'n'"}, {"Held": "'n'"}, {"Released": "'n'"}, {"Pressed": "'d'"}, {"Held": "'d'"}, {"Released": "'d'"}, {"Pressed": "'h'"}, {"Held": "'h'"}, {"Released": "'h'"}, {"Pressed": "'a'"}, {"Held": "'a'"}, {"Released": "'a'"}, {"Pressed": "'r'"}, {"Held": "'r'"}, {"Released": "'r'"}, {"Pressed": "'i'"}, {"Held": "'i'"}, {"Released": "'i'"}, {"Pressed": "Key.enter"}, {"Held": "Key.enter"}, {"Released": "Key.enter"}, {"Pressed": "Key.backspace"}, {"Held": "Key.backspace"}, {"Released": "Key.backspace"}, {"Pressed": "'g'"}, {"Held": "'g'"}, {"Released": "'g'"}, {"Pressed": "'a'"}, {"Held": "'a'"}, {"Released": "'a'"}, {"Pressed": "'n'"}, {"Held": "'n'"}, {"Released": "'n'"}, {"Pressed": "'d'"}, {"Held": "'d'"}, {"Released": "'d'"}, {"Pressed": "'h'"}, {"Held": "'h'"}, {"Released": "'h'"}, {"Pressed": "'a'"}, {"Held": "'a'"}, {"Released": "'a'"}, {"Pressed": "'r'"}, {"Held": "'r'"}, {"Released": "'r'"}, {"Pressed": "'i'"}, {"Held": "'i'"}, {"Released": "'i'"}, {"Pressed": "'0'"}, {"Held": "'0'"}, {"Released": "'0'"}, {"Pressed": "'8'"}, {"Held": "'8'"}, {"Released": "'8'"}, {"Pressed": "'2'"}, {"Held": "'2'"}, {"Released": "'2'"}, {"Pressed": "'6'"}, {"Held": "'6'"}, {"Released": "'6'"}, {"Pressed": "'-'"}, {"Held": "'-'"}, {"Released": "'-'"}]